,Lunes,martes,miÃ©rcoles,jueves,viernes
10,Gurmando,Gurmando,Gurmando,Gurmando,Gurmando
11,Gurmando,Gurmando,Gurmando,Gurmando,Gurmando
12,Gurmando,Gurmando,Gurmando,Gurmando,Gurmando
13,Gurmando,Gurmando,Gurmando,Gurmando,Gurmando
14,Gurmando,Gurmando,Gurmando,Gurmando,Gurmando
,Gurmando,Gurmando,Gurmando,Gurmando,Gurmando
,Gurmando,Gurmando,Gurmando,Gurmando,Gurmando
17,Gurmando,Gurmando,Gurmando,Gurmando,Gurmando
18,Gurmando,Gurmando,Gurmando,Gurmando,Gurmando
19,Gurmando,Gurmando,Gurmando,Gurmando,Gurmando
20,Gurmando,Gurmando,Gurmando,Gurmando,Gurmando
